,Timestamp,Open,High,Low,Close,Volume
0,2018-04-20 00:00:00,0.00047405,0.00048208,0.00047001,0.00047997,138314.1967975
1,2018-04-20 01:00:00,0.0004799,0.00048778,0.00047793,0.00047793,184424.16813299
2,2018-04-20 02:00:00,0.00048023,0.00048774,0.00047583,0.00048774,521267.12918728
3,2018-04-20 03:00:00,0.00048774,0.00048846,0.00048334,0.00048831,91425.9012822
4,2018-04-20 04:00:00,0.00048511,0.0004867,0.000481,0.000481,763526.72631504
5,2018-04-20 05:00:00,0.00048101,0.00048599,0.00047923,0.0004798,457330.68283407
6,2018-04-20 06:00:00,0.00048097,0.0004848,0.00048005,0.0004847,37156.76907471
7,2018-04-20 07:00:00,0.0004847,0.00048753,0.00048239,0.00048328,93467.56119774
8,2018-04-20 08:00:00,0.00048328,0.00048576,0.00048132,0.00048546,131553.09544621
9,2018-04-20 09:00:00,0.00048546,0.0004869,0.00048105,0.00048218,127869.97521798
10,2018-04-20 10:00:00,0.00048217,0.00048715,0.000481,0.00048112,111345.91799739
11,2018-04-20 11:00:00,0.0004845,0.00048455,0.000481,0.00048122,60197.17242668
12,2018-04-20 12:00:00,0.000483,0.0004885,0.00047923,0.00048352,200119.26101524
13,2018-04-20 13:00:00,0.00048352,0.00049099,0.0004835,0.0004905,262353.6583689
14,2018-04-20 14:00:00,0.00049,0.00049044,0.00048357,0.00048748,33589.52272016
15,2018-04-20 15:00:00,0.00048714,0.00048714,0.00048318,0.00048663,33531.20465257
16,2018-04-20 16:00:00,0.00048663,0.00048974,0.00048281,0.00048468,46986.65756874
17,2018-04-20 17:00:00,0.00048852,0.000498,0.00048728,0.00049291,348391.73587984
18,2018-04-20 18:00:00,0.00049325,0.000498,0.00049256,0.00049626,49653.63350567
19,2018-04-20 19:00:00,0.00049626,0.00049999,0.00049484,0.00049686,182598.92864915
20,2018-04-20 20:00:00,0.00049817,0.00050125,0.00049484,0.00049999,63284.91253305
21,2018-04-20 21:00:00,0.00049583,0.0005,0.00049385,0.0005,36420.64211623
22,2018-04-20 22:00:00,0.00049389,0.00049691,0.00047923,0.000481,555233.45476423
23,2018-04-20 23:00:00,0.00048149,0.00048984,0.00047929,0.000489,46808.98381695
24,2018-04-21 00:00:00,0.00048899,0.00049986,0.00048426,0.00049266,470438.34568535
25,2018-04-21 01:00:00,0.0004927,0.0004927,0.000481,0.000481,175356.04071379
26,2018-04-21 02:00:00,0.00048466,0.00048751,0.000481,0.00048102,206971.00460539
27,2018-04-21 03:00:00,0.00048105,0.0004875,0.00048105,0.0004875,187843.69083187
28,2018-04-21 04:00:00,0.00048745,0.0004875,0.00048571,0.00048572,102637.02418013
29,2018-04-21 05:00:00,0.0004875,0.0004875,0.00048572,0.000486,17354.17722141
30,2018-04-21 06:00:00,0.000486,0.00048722,0.00048203,0.00048203,144382.38148541
31,2018-04-21 07:00:00,0.00048314,0.00048698,0.00048141,0.00048207,153559.77652677
32,2018-04-21 08:00:00,0.00048207,0.00048207,0.0004786,0.00047956,448201.14883828
33,2018-04-21 09:00:00,0.00047626,0.00048376,0.0004725,0.00047967,265994.76599379
34,2018-04-21 10:00:00,0.00047967,0.00047967,0.00047322,0.00047323,37378.67092254
35,2018-04-21 11:00:00,0.00047278,0.00047726,0.00046666,0.000475,443311.89052331
36,2018-04-21 12:00:00,0.00047106,0.00047516,0.00046913,0.00047516,39315.49103543
37,2018-04-21 13:00:00,0.000471,0.00047628,0.0004697,0.00047518,107426.10943563
38,2018-04-21 14:00:00,0.00047251,0.00047518,0.00047245,0.00047439,11933.13798954
39,2018-04-21 15:00:00,0.00047462,0.00047628,0.00046986,0.00047417,84468.7746823
40,2018-04-21 16:00:00,0.00047618,0.000479,0.000469,0.00046954,73584.92658597
41,2018-04-21 17:00:00,0.0004712,0.00047369,0.00046613,0.00046613,23963.8086927
42,2018-04-21 18:00:00,0.00046613,0.00046987,0.000465,0.00046987,57817.43571207
43,2018-04-21 19:00:00,0.000469,0.000469,0.000465,0.000465,24249.81853948
44,2018-04-21 20:00:00,0.000465,0.00046705,0.00046,0.00046234,92795.02815644
45,2018-04-21 21:00:00,0.00046234,0.00046879,0.00046229,0.00046879,52569.72722626
46,2018-04-21 22:00:00,0.00046403,0.00047175,0.00046403,0.00046996,29996.1981392
47,2018-04-21 23:00:00,0.00046996,0.00047607,0.00046622,0.00047607,70186.02312011
48,2018-04-22 00:00:00,0.00047525,0.00047602,0.00046624,0.00047,117363.05328961
49,2018-04-22 01:00:00,0.000471,0.00047317,0.00046953,0.00046953,57864.11037867
50,2018-04-22 02:00:00,0.00046951,0.00047536,0.00046799,0.00047536,3660.03032378
51,2018-04-22 03:00:00,0.000471,0.000471,0.000467,0.000467,22370.52077934
52,2018-04-22 04:00:00,0.00047,0.00047,0.000464,0.000464,45555.87480857
53,2018-04-22 05:00:00,0.00046596,0.00046645,0.00046352,0.00046515,146962.38140963
54,2018-04-22 06:00:00,0.00046602,0.00047034,0.00046357,0.00047028,174087.88055857
55,2018-04-22 07:00:00,0.00047028,0.00047028,0.00046353,0.00046673,46554.99038258
56,2018-04-22 08:00:00,0.00046672,0.000469,0.00046434,0.00046781,45751.95782527
57,2018-04-22 09:00:00,0.0004678,0.00047028,0.00046431,0.00046585,373393.17152837
58,2018-04-22 10:00:00,0.00047023,0.00047029,0.000465,0.00047019,155666.57656057
59,2018-04-22 11:00:00,0.00047019,0.00047107,0.00046565,0.00046627,101863.58259671
60,2018-04-22 12:00:00,0.00046627,0.00046686,0.00045978,0.00046069,154315.11112274
61,2018-04-22 13:00:00,0.0004629,0.00046417,0.000459,0.000459,168955.64629236
62,2018-04-22 14:00:00,0.00046,0.00046,0.000455,0.00045548,200823.42189534
63,2018-04-22 15:00:00,0.000458,0.0004599,0.0004541,0.000458,208793.70279148
64,2018-04-22 16:00:00,0.000458,0.000458,0.00045478,0.00045478,15604.64160715
65,2018-04-22 17:00:00,0.00045478,0.000457,0.000453,0.00045401,20382.36725599
66,2018-04-22 18:00:00,0.00045401,0.00045776,0.00045396,0.00045722,8976.75241409
67,2018-04-22 19:00:00,0.00045633,0.00045633,0.00045163,0.00045163,54599.54363403
68,2018-04-22 20:00:00,0.00045198,0.00045198,0.00044894,0.00045124,125405.88475482
69,2018-04-22 21:00:00,0.00044859,0.000453,0.00044859,0.000453,19776.8890476
70,2018-04-22 22:00:00,0.000453,0.0004562,0.00045195,0.00045495,27741.76491228
71,2018-04-22 23:00:00,0.0004549,0.00045843,0.00045117,0.00045239,200073.07985784
72,2018-04-23 00:00:00,0.00045239,0.0004546,0.000449,0.00045138,20838.06402294
73,2018-04-23 01:00:00,0.00045121,0.00045121,0.00044671,0.00044781,135116.38813052
74,2018-04-23 02:00:00,0.00044781,0.00044853,0.00044665,0.00044665,28438.42096242
75,2018-04-23 03:00:00,0.00044666,0.00044666,0.0004449,0.0004449,173921.09661306
76,2018-04-23 04:00:00,0.00044538,0.00045,0.00044389,0.00044654,448317.63983961
77,2018-04-23 05:00:00,0.00044639,0.00044639,0.00044226,0.00044405,80541.5761041
78,2018-04-23 06:00:00,0.00044409,0.00044683,0.00044409,0.0004462,104053.43361763
79,2018-04-23 07:00:00,0.0004462,0.0004491,0.00044454,0.0004462,189131.65698812
80,2018-04-23 08:00:00,0.0004462,0.00044906,0.00044466,0.00044906,207968.68715073
81,2018-04-23 09:00:00,0.0004488,0.00044998,0.000446,0.00044805,118303.92062433
82,2018-04-23 10:00:00,0.00044805,0.00044996,0.00044301,0.00044994,131259.15833557
83,2018-04-23 11:00:00,0.00044989,0.00044996,0.0004458,0.00044704,46012.71600525
84,2018-04-23 12:00:00,0.00044933,0.00044933,0.00044272,0.00044796,66607.99897406
85,2018-04-23 13:00:00,0.00044592,0.00044758,0.00044111,0.000443,179075.61127152
86,2018-04-23 14:00:00,0.00044449,0.00044645,0.00044101,0.00044111,168661.84668051
87,2018-04-23 15:00:00,0.00044128,0.00044481,0.00043809,0.00044026,350122.31583008
88,2018-04-23 16:00:00,0.00044028,0.00044469,0.00044028,0.00044362,69812.68821297
89,2018-04-23 17:00:00,0.00044078,0.00044766,0.00044058,0.00044575,183978.31759339
90,2018-04-23 18:00:00,0.00044575,0.00044764,0.00044441,0.0004452,14608.19397406
91,2018-04-23 19:00:00,0.000445,0.000445,0.00044336,0.00044336,8519.14729213
92,2018-04-23 20:00:00,0.00044605,0.00044605,0.00044534,0.0004454,4575.52815988
93,2018-04-23 21:00:00,0.00044532,0.00044724,0.00044241,0.00044674,124928.29792339
94,2018-04-23 22:00:00,0.00044674,0.0004481,0.00044607,0.00044774,128993.01555449
95,2018-04-23 23:00:00,0.00044774,0.00044774,0.00044622,0.000447,17274.56807826
96,2018-04-24 00:00:00,0.000447,0.000447,0.00044025,0.00044504,482231.39001401
97,2018-04-24 01:00:00,0.000445,0.00044562,0.0004431,0.00044311,156042.69605872
98,2018-04-24 02:00:00,0.00044315,0.000447,0.0004431,0.00044388,309086.77353689
99,2018-04-24 03:00:00,0.0004469,0.00044691,0.00044101,0.00044198,174536.79003482
100,2018-04-24 04:00:00,0.00044208,0.00044544,0.00044015,0.00044544,506124.52050248
101,2018-04-24 05:00:00,0.00044035,0.00044381,0.0004351,0.00043689,187304.16079967
102,2018-04-24 06:00:00,0.00043549,0.00044113,0.0004352,0.00043899,24516.0005507
103,2018-04-24 07:00:00,0.00043953,0.00043962,0.0004358,0.00043602,139040.54843723
104,2018-04-24 08:00:00,0.00043602,0.00043602,0.00043415,0.000436,49905.82417019
105,2018-04-24 09:00:00,0.00043415,0.000436,0.000434,0.00043411,1091783.82466746
106,2018-04-24 10:00:00,0.00043411,0.000436,0.00043244,0.00043349,756071.60327739
107,2018-04-24 11:00:00,0.00043349,0.00045,0.00043332,0.00045,2124600.60166232
108,2018-04-24 12:00:00,0.00045,0.00045888,0.00044342,0.00044639,741664.64506722
109,2018-04-24 13:00:00,0.00044639,0.00044977,0.00043402,0.00043877,394712.21372014
110,2018-04-24 14:00:00,0.00043795,0.00044199,0.000435,0.00044191,385060.02508909
111,2018-04-24 15:00:00,0.00044191,0.00044498,0.00043701,0.00044497,97136.90667064
112,2018-04-24 16:00:00,0.00044304,0.00045196,0.00044199,0.00044287,164927.75090399
113,2018-04-24 17:00:00,0.00044283,0.0004448,0.00043928,0.0004448,84771.6716987
114,2018-04-24 18:00:00,0.00044468,0.00045198,0.0004415,0.00045198,123413.11444649
115,2018-04-24 19:00:00,0.00045185,0.000452,0.0004481,0.00045,153245.79165841
116,2018-04-24 20:00:00,0.00044814,0.00045,0.00044704,0.00044994,216926.11605043
117,2018-04-24 21:00:00,0.00044989,0.00044996,0.000447,0.0004483,63944.08872916
118,2018-04-24 22:00:00,0.0004482,0.00044924,0.00044201,0.00044257,163717.03234049
119,2018-04-24 23:00:00,0.00044718,0.00044718,0.000438,0.00044151,79789.7692892
120,2018-04-25 00:00:00,0.00044205,0.00044394,0.00043774,0.00044056,438241.79852948
121,2018-04-25 01:00:00,0.00044056,0.00044342,0.00043619,0.00043619,88842.32788876
122,2018-04-25 02:00:00,0.00043741,0.00044329,0.0004317,0.0004361,157620.08773388
123,2018-04-25 03:00:00,0.0004378,0.00043967,0.00043013,0.00043358,93167.24055386
124,2018-04-25 04:00:00,0.00043358,0.00043978,0.00042845,0.00042967,706569.73835743
125,2018-04-25 05:00:00,0.00042967,0.0004358,0.00042967,0.0004353,161715.22470763
126,2018-04-25 06:00:00,0.0004335,0.00043699,0.000432,0.00043575,316872.4226454
127,2018-04-25 07:00:00,0.000434,0.00043921,0.000433,0.00043753,388380.79279675
128,2018-04-25 08:00:00,0.00043753,0.00044,0.00043467,0.0004365,77362.44582885
129,2018-04-25 09:00:00,0.00043651,0.00043965,0.00043359,0.00043804,323644.96095475
130,2018-04-25 10:00:00,0.00043804,0.00044598,0.00043515,0.00044467,1557485.98711061
131,2018-04-25 11:00:00,0.00043864,0.00044189,0.00043548,0.00044073,928551.75833475
132,2018-04-25 12:00:00,0.00044073,0.00044188,0.00043643,0.00044124,125963.74818155
133,2018-04-25 13:00:00,0.00043804,0.0004412,0.00043528,0.00043781,92925.84357562
134,2018-04-25 14:00:00,0.00043755,0.00044098,0.00043361,0.00043874,458767.2988758
135,2018-04-25 15:00:00,0.0004409,0.0004409,0.0004342,0.00044027,20623.3061676
136,2018-04-25 16:00:00,0.00044036,0.00044188,0.000436,0.0004365,52535.32521421
137,2018-04-25 17:00:00,0.00043886,0.00044189,0.00043604,0.00043821,182043.19842606
138,2018-04-25 18:00:00,0.0004415,0.00044189,0.00043756,0.000438,47498.35018742
139,2018-04-25 19:00:00,0.00043925,0.00044142,0.00043705,0.00043706,43426.75167241
140,2018-04-25 20:00:00,0.00043882,0.000443,0.00043668,0.000443,154251.46580926
141,2018-04-25 21:00:00,0.00044186,0.00044381,0.00043822,0.00043957,112902.75014274
142,2018-04-25 22:00:00,0.00044217,0.000444,0.00043826,0.00043826,141422.73239162
143,2018-04-25 23:00:00,0.00043826,0.000444,0.00043524,0.00043524,93318.76558468
144,2018-04-26 00:00:00,0.00043524,0.00044053,0.00042722,0.00043086,171842.72226549
145,2018-04-26 01:00:00,0.00043092,0.00044145,0.00043092,0.00043671,152272.6258978
146,2018-04-26 02:00:00,0.0004362,0.00043899,0.00043364,0.0004339,24398.24541986
147,2018-04-26 03:00:00,0.0004339,0.00043672,0.00043243,0.00043616,103094.521681
148,2018-04-26 04:00:00,0.00043504,0.00043749,0.00043157,0.00043659,95396.91256682
149,2018-04-26 05:00:00,0.00043237,0.00043699,0.00043003,0.00043594,77262.48293444
150,2018-04-26 06:00:00,0.00043496,0.0004375,0.00043101,0.00043718,379348.22268789
151,2018-04-26 07:00:00,0.00043719,0.00043977,0.00043,0.00043001,155272.77756192
152,2018-04-26 08:00:00,0.00043029,0.00043487,0.00042666,0.000428,249218.45907684
153,2018-04-26 09:00:00,0.000428,0.00043283,0.00042499,0.00043276,181430.12814616
154,2018-04-26 10:00:00,0.00043273,0.000434,0.00042949,0.000431,351557.47848088
155,2018-04-26 11:00:00,0.000431,0.000433,0.00042938,0.0004308,529613.62518411
156,2018-04-26 12:00:00,0.00043289,0.000437,0.000428,0.00043423,381602.72041339
157,2018-04-26 13:00:00,0.0004372,0.0004395,0.00043031,0.0004335,576243.79418964
158,2018-04-26 14:00:00,0.0004335,0.0004375,0.00043,0.000435,239478.596109
159,2018-04-26 15:00:00,0.000435,0.0004385,0.00043345,0.000437,179910.95896954
160,2018-04-26 16:00:00,0.00043839,0.00045,0.00043682,0.00044253,538004.02687933
161,2018-04-26 17:00:00,0.00044253,0.00044379,0.00044,0.00044004,584153.62248471
162,2018-04-26 18:00:00,0.0004405,0.000443,0.00043899,0.00043906,109070.58556369
163,2018-04-26 19:00:00,0.00043934,0.00044299,0.00043924,0.000442,128203.97466803
164,2018-04-26 20:00:00,0.000442,0.00044299,0.00043938,0.00044126,285198.12163868
165,2018-04-26 21:00:00,0.00044246,0.00044249,0.000438,0.00043948,196707.74623748
166,2018-04-26 22:00:00,0.00043948,0.00044295,0.00043818,0.00044095,130512.36280203
167,2018-04-26 23:00:00,0.00043839,0.00044295,0.00043801,0.0004396,82327.71009193
168,2018-04-27 00:00:00,0.00044295,0.00044295,0.00043952,0.0004428,142835.15100405
169,2018-04-27 01:00:00,0.0004428,0.0004428,0.00043952,0.00043953,174389.17602879
170,2018-04-27 02:00:00,0.00043953,0.00044284,0.00043818,0.00044254,148292.32024043
171,2018-04-27 03:00:00,0.00044254,0.00044255,0.00043693,0.00044231,118575.40729662
172,2018-04-27 04:00:00,0.00043915,0.00044206,0.00043912,0.00043912,466662.43558835
173,2018-04-27 05:00:00,0.00043912,0.00044177,0.00043711,0.00043917,53641.93291287
174,2018-04-27 06:00:00,0.00043917,0.00044231,0.00043704,0.0004393,232668.45314883
175,2018-04-27 07:00:00,0.00044256,0.00044279,0.0004381,0.00044198,127591.92451313
176,2018-04-27 08:00:00,0.0004395,0.0004414,0.00043756,0.00043798,226283.10494124
177,2018-04-27 09:00:00,0.00043798,0.00043809,0.000434,0.000434,379207.10668122
178,2018-04-27 10:00:00,0.000434,0.000434,0.00043088,0.0004335,24527.66776404
179,2018-04-27 11:00:00,0.00043127,0.0004335,0.00043,0.00043,84130.75292482
180,2018-04-27 12:00:00,0.00043,0.000447,0.00043,0.00044657,361350.08288185
181,2018-04-27 13:00:00,0.00044596,0.00044598,0.00043711,0.000441,93635.66862583
182,2018-04-27 14:00:00,0.00044416,0.00044585,0.00044039,0.00044039,83434.45667468
183,2018-04-27 15:00:00,0.00044229,0.00044229,0.00043712,0.0004417,705056.08139024
184,2018-04-27 16:00:00,0.0004417,0.000445,0.00044105,0.00044207,156625.47903522
185,2018-04-27 17:00:00,0.00044484,0.00045,0.00044207,0.00044403,362632.07797821
186,2018-04-27 18:00:00,0.00044404,0.00044895,0.00044219,0.00044895,87594.24911423
187,2018-04-27 19:00:00,0.00044884,0.00044884,0.00044208,0.0004445,28473.33522255
188,2018-04-27 20:00:00,0.00044647,0.00044691,0.00044014,0.00044435,112056.87944054
189,2018-04-27 21:00:00,0.00044332,0.00044626,0.00044014,0.00044161,14206.4295724
190,2018-04-27 22:00:00,0.00044211,0.00044821,0.00044175,0.0004477,51944.45536522
191,2018-04-27 23:00:00,0.00044592,0.00044592,0.00044104,0.00044105,19073.79616349
192,2018-04-28 00:00:00,0.00044105,0.00044373,0.00044007,0.00044008,165395.69034851
193,2018-04-28 01:00:00,0.00044007,0.00044018,0.0004376,0.00044018,73152.29289504
194,2018-04-28 02:00:00,0.00044018,0.00044455,0.00043917,0.00044448,88476.63029227
195,2018-04-28 03:00:00,0.00044447,0.0004493,0.00044241,0.0004493,197103.25035053
196,2018-04-28 04:00:00,0.0004493,0.0004493,0.00044529,0.00044927,60989.2303536
197,2018-04-28 05:00:00,0.00044926,0.00044927,0.00044577,0.000449,157552.89404935
198,2018-04-28 06:00:00,0.000449,0.000458,0.000449,0.000458,263332.73984352
199,2018-04-28 07:00:00,0.000458,0.00046243,0.00045444,0.00045665,132821.72534003
200,2018-04-28 08:00:00,0.00045697,0.00046243,0.00045666,0.00045864,312196.8787894
201,2018-04-28 09:00:00,0.00045879,0.00046241,0.00045621,0.00045748,170400.59352366
202,2018-04-28 10:00:00,0.00045748,0.00046462,0.00045748,0.00046451,158391.4971838
203,2018-04-28 11:00:00,0.00046351,0.00046462,0.00045624,0.00045708,439054.25949956
204,2018-04-28 12:00:00,0.00046196,0.0004778,0.00046196,0.0004778,298279.03178406
205,2018-04-28 13:00:00,0.000476,0.000495,0.00047324,0.00049485,512587.59544698
206,2018-04-28 14:00:00,0.00049485,0.000499,0.00048678,0.00049701,298040.68431988
207,2018-04-28 15:00:00,0.00049701,0.0004999,0.00049111,0.0004999,658263.49698798
208,2018-04-28 16:00:00,0.0004988,0.00053251,0.00049875,0.00052737,1024300.37719972
209,2018-04-28 17:00:00,0.00052773,0.00053249,0.00050983,0.00051374,467982.2051848
210,2018-04-28 18:00:00,0.00051374,0.0005236,0.00051014,0.000519,137091.98525705
211,2018-04-28 19:00:00,0.00051898,0.000523,0.00051396,0.00051911,131285.66216412
212,2018-04-28 20:00:00,0.000517,0.00051911,0.00050125,0.00050392,205719.22929738
213,2018-04-28 21:00:00,0.00050295,0.00051885,0.00050293,0.000508,65260.84952297
214,2018-04-28 22:00:00,0.000508,0.00052369,0.000508,0.00051911,90086.74939978
215,2018-04-28 23:00:00,0.0005237,0.00053254,0.00051875,0.00052129,241817.03413995
216,2018-04-29 00:00:00,0.00052447,0.000562,0.00052182,0.00055246,817763.30377473
217,2018-04-29 01:00:00,0.00055632,0.00055787,0.00053586,0.0005391,392018.26087059
218,2018-04-29 02:00:00,0.0005391,0.00054225,0.00053499,0.00054131,574426.94812593
219,2018-04-29 03:00:00,0.00054224,0.00054224,0.0005327,0.00053878,128145.10602393
220,2018-04-29 04:00:00,0.00053878,0.00053878,0.00053208,0.000533,53020.27533444
221,2018-04-29 05:00:00,0.00053589,0.00054577,0.00053589,0.00053881,420677.13560087
222,2018-04-29 06:00:00,0.000542,0.00055565,0.000542,0.0005505,129988.44046099
223,2018-04-29 07:00:00,0.000551,0.0005535,0.00054069,0.00055314,373842.05740455
224,2018-04-29 08:00:00,0.00054999,0.00055003,0.000524,0.00053048,347734.28639912
225,2018-04-29 09:00:00,0.00053301,0.000537,0.00052001,0.00052883,255274.05575793
226,2018-04-29 10:00:00,0.00052517,0.00052862,0.000515,0.000516,252464.64857833
227,2018-04-29 11:00:00,0.00051505,0.00052387,0.000511,0.00052378,94850.48836622
228,2018-04-29 12:00:00,0.00052247,0.00053139,0.00052161,0.00053084,868879.81621826
229,2018-04-29 13:00:00,0.00053079,0.00053084,0.00052012,0.00052662,498529.45143021
230,2018-04-29 14:00:00,0.0005274,0.0005388,0.00052736,0.00053547,285147.1319299
231,2018-04-29 15:00:00,0.00053547,0.00053823,0.00052721,0.00053823,98614.93351852
232,2018-04-29 16:00:00,0.00053794,0.00053834,0.00053021,0.00053301,73274.14473695
233,2018-04-29 17:00:00,0.0005304,0.00053565,0.00052021,0.00053565,298999.15987414
234,2018-04-29 18:00:00,0.00053565,0.00053566,0.00053514,0.00053566,74323.11629319
235,2018-04-29 19:00:00,0.000536,0.00054007,0.000536,0.000538,49612.04203152
236,2018-04-29 20:00:00,0.0005381,0.00054046,0.0005344,0.0005349,149775.14167543
237,2018-04-29 21:00:00,0.00053496,0.00053956,0.00053146,0.00053626,43952.89782903
238,2018-04-29 22:00:00,0.00053144,0.00053414,0.00053,0.00053,26055.43652722
239,2018-04-29 23:00:00,0.00053,0.00053068,0.000525,0.000525,128314.25388398
240,2018-04-30 00:00:00,0.000525,0.0005267,0.000512,0.00051592,360599.52897156
241,2018-04-30 01:00:00,0.00051592,0.00051883,0.000514,0.00051446,458821.19766555
242,2018-04-30 02:00:00,0.00051403,0.00051403,0.00051,0.00051128,34380.04216326
243,2018-04-30 03:00:00,0.00051153,0.00051153,0.00050282,0.00050464,203159.69506719
244,2018-04-30 04:00:00,0.00050464,0.00050824,0.000502,0.00050824,1041621.03328181
245,2018-04-30 05:00:00,0.0005081,0.000515,0.00050459,0.000515,380002.61385919
246,2018-04-30 06:00:00,0.00051596,0.00051659,0.00050709,0.00050766,166184.56187297
247,2018-04-30 07:00:00,0.00050763,0.00050766,0.00049905,0.00050039,191097.56332172
248,2018-04-30 08:00:00,0.00050048,0.00050486,0.000492,0.000495,261920.12407436
249,2018-04-30 09:00:00,0.00049495,0.000523,0.00049004,0.00050078,1488682.05693122
250,2018-04-30 10:00:00,0.00050084,0.00051,0.00050084,0.00050856,125065.99132398
251,2018-04-30 11:00:00,0.00051077,0.00051567,0.00050806,0.0005123,212145.96105835
252,2018-04-30 12:00:00,0.00051702,0.00051913,0.00050527,0.00051175,276545.42401555
253,2018-04-30 13:00:00,0.00051171,0.00051172,0.00050491,0.00050701,72395.98927392
254,2018-04-30 14:00:00,0.00050701,0.00051075,0.000507,0.00050968,115961.82255179
255,2018-04-30 15:00:00,0.00050968,0.00051404,0.00050774,0.00050839,28082.92693837
256,2018-04-30 16:00:00,0.00050851,0.00051498,0.0005084,0.00050858,98066.34462998
257,2018-04-30 17:00:00,0.00050865,0.00051299,0.00050865,0.00051146,24532.25910121
258,2018-04-30 18:00:00,0.00051146,0.00051239,0.00050775,0.00050797,143595.11738086
259,2018-04-30 19:00:00,0.00050874,0.0005116,0.00050874,0.00050893,21456.03705242
260,2018-04-30 20:00:00,0.00050893,0.00051205,0.00050692,0.00051,78830.50362087
261,2018-04-30 21:00:00,0.00051062,0.00051207,0.00050297,0.00050297,180958.41341732
262,2018-04-30 22:00:00,0.00050258,0.00050323,0.00049764,0.00050101,202665.38525298
263,2018-04-30 23:00:00,0.0005,0.00050704,0.00049777,0.00050704,50637.46539315
264,2018-05-01 00:00:00,0.00050704,0.000509,0.00049762,0.00050341,162678.32876488
265,2018-05-01 01:00:00,0.00050341,0.000508,0.0005004,0.000503,206220.77830056
266,2018-05-01 02:00:00,0.0005018,0.00050701,0.000499,0.000499,41269.60026004
267,2018-05-01 03:00:00,0.00049927,0.00050443,0.00049902,0.0004992,100148.01022427
268,2018-05-01 04:00:00,0.00049922,0.00049922,0.0004925,0.00049816,301294.0516392
269,2018-05-01 05:00:00,0.00049753,0.00050174,0.00049251,0.00049251,349462.911034
270,2018-05-01 06:00:00,0.00049436,0.00049848,0.0004925,0.000497,146928.32074947
271,2018-05-01 07:00:00,0.00049602,0.000515,0.00049533,0.00051,282408.01697428
272,2018-05-01 08:00:00,0.00050995,0.00053549,0.00050157,0.00052783,410154.70779107
273,2018-05-01 09:00:00,0.00052453,0.00052454,0.00051385,0.00051744,84913.59163224
274,2018-05-01 10:00:00,0.00051744,0.00052749,0.00051423,0.00051983,149165.0155533
275,2018-05-01 11:00:00,0.0005199,0.00052346,0.00051401,0.00051656,126313.62420491
276,2018-05-01 12:00:00,0.00051718,0.00052188,0.000514,0.00051914,24828.45010948
277,2018-05-01 13:00:00,0.00051914,0.00052401,0.00051682,0.00052397,21559.35655569
278,2018-05-01 14:00:00,0.00051997,0.00052629,0.00051746,0.00052,65008.43332937
279,2018-05-01 15:00:00,0.00052,0.00052597,0.00051699,0.00052,26717.17121729
280,2018-05-01 16:00:00,0.00052,0.00053062,0.00052,0.00053,34597.933295
281,2018-05-01 17:00:00,0.000528,0.00054199,0.00052731,0.00053307,136355.47661338
282,2018-05-01 18:00:00,0.0005335,0.00054199,0.00053086,0.0005355,43366.16817516
283,2018-05-01 19:00:00,0.00053132,0.00053236,0.00052861,0.00052871,21121.54093332
284,2018-05-01 20:00:00,0.0005305,0.00054107,0.00053023,0.0005317,26882.10759161
285,2018-05-01 21:00:00,0.0005317,0.00053921,0.00053101,0.00053757,112304.32764229
286,2018-05-01 22:00:00,0.00053139,0.00053139,0.00052506,0.00052596,19155.59628635
287,2018-05-01 23:00:00,0.00052597,0.00052991,0.00052596,0.0005293,27641.01061592
288,2018-05-02 00:00:00,0.0005293,0.00052992,0.00052345,0.00052345,84126.61939126
289,2018-05-02 01:00:00,0.00052346,0.00052353,0.00051825,0.000519,46989.10044796
290,2018-05-02 02:00:00,0.00051825,0.0005255,0.00051678,0.0005255,96532.34604983
291,2018-05-02 03:00:00,0.0005255,0.00053,0.00052178,0.00052584,30007.83261051
292,2018-05-02 04:00:00,0.00052196,0.00052569,0.00051922,0.00052033,32477.19050401
293,2018-05-02 05:00:00,0.00052423,0.00052465,0.00051677,0.00051677,28782.30930437
294,2018-05-02 06:00:00,0.00051833,0.00051993,0.000514,0.00051993,226812.83658153
295,2018-05-02 07:00:00,0.00051993,0.00052471,0.00051731,0.00052068,39755.79566608
296,2018-05-02 08:00:00,0.00051881,0.00052382,0.00051392,0.00051995,49284.91126997
297,2018-05-02 09:00:00,0.00051815,0.00052475,0.00051815,0.00052211,60648.15775242
298,2018-05-02 10:00:00,0.00052192,0.00053845,0.00051792,0.00053275,237523.63605211
299,2018-05-02 11:00:00,0.00053308,0.00054079,0.00053308,0.0005348,64628.73044359
300,2018-05-02 12:00:00,0.00053782,0.00054105,0.000535,0.00054102,69297.38345375
301,2018-05-02 13:00:00,0.00053711,0.00053984,0.00053307,0.00053548,93664.67557179
302,2018-05-02 14:00:00,0.00053548,0.00054,0.00053417,0.00054,64257.02893156
303,2018-05-02 15:00:00,0.000536,0.00054549,0.000536,0.00054493,208228.59056384
304,2018-05-02 16:00:00,0.00054546,0.00054549,0.00053918,0.00054399,160898.72998992
305,2018-05-02 17:00:00,0.000545,0.00055,0.0005423,0.00054452,49521.26161061
306,2018-05-02 18:00:00,0.00054444,0.00054569,0.00054097,0.00054097,9179.33576016
307,2018-05-02 19:00:00,0.00054196,0.00054714,0.00054,0.00054108,14531.29744972
308,2018-05-02 20:00:00,0.00054015,0.0005472,0.00053613,0.00054325,243831.09494894
309,2018-05-02 21:00:00,0.00054325,0.0005433,0.00053611,0.0005398,20446.66639909
310,2018-05-02 22:00:00,0.00054034,0.00054475,0.000538,0.00053805,36934.9298118
311,2018-05-02 23:00:00,0.00053995,0.00054538,0.00053983,0.00053986,69821.40110774
312,2018-05-03 00:00:00,0.00053983,0.00054211,0.00053615,0.00053644,27340.17320929
313,2018-05-03 01:00:00,0.00053854,0.00053854,0.00053152,0.00053737,46176.81703131
314,2018-05-03 02:00:00,0.00053737,0.00053746,0.00052814,0.00053388,91971.21864991
315,2018-05-03 03:00:00,0.00052814,0.000539,0.000524,0.00053327,100249.08289323
316,2018-05-03 04:00:00,0.000533,0.000533,0.000522,0.00052777,143028.48596941
317,2018-05-03 05:00:00,0.00052777,0.00053225,0.00052,0.00052435,38134.92979705
318,2018-05-03 06:00:00,0.00052273,0.00052435,0.00052102,0.00052395,52870.74593086
319,2018-05-03 07:00:00,0.000521,0.00052278,0.00051536,0.00051537,211652.0405163
320,2018-05-03 08:00:00,0.00051537,0.000516,0.00051041,0.00051044,43934.11122065
321,2018-05-03 09:00:00,0.00051235,0.000519,0.00051235,0.00051283,64847.69509059
322,2018-05-03 10:00:00,0.00051705,0.00052,0.000512,0.00051201,18022.74637061
323,2018-05-03 11:00:00,0.000512,0.00051347,0.00051007,0.00051103,38298.33561559
324,2018-05-03 12:00:00,0.0005129,0.0005129,0.00050192,0.00050451,216359.15173609
325,2018-05-03 13:00:00,0.00050461,0.00050851,0.000496,0.00049798,71074.26419693
326,2018-05-03 14:00:00,0.00049798,0.00050215,0.00049256,0.000495,214343.7677845
327,2018-05-03 15:00:00,0.000495,0.00049828,0.000494,0.00049625,59684.06213686
328,2018-05-03 16:00:00,0.00049625,0.00049774,0.000485,0.00048558,189422.62225451
329,2018-05-03 17:00:00,0.00048551,0.0004874,0.00047792,0.00047845,123265.26138898
330,2018-05-03 18:00:00,0.00048285,0.00048998,0.00047701,0.000488,256222.86345206
331,2018-05-03 19:00:00,0.000488,0.000493,0.0004852,0.00049,75654.10772194
332,2018-05-03 20:00:00,0.00049226,0.000496,0.00048819,0.00049599,99670.52184623
333,2018-05-03 21:00:00,0.00049503,0.00049503,0.00048264,0.00048264,54509.50197464
334,2018-05-03 22:00:00,0.00048264,0.00048264,0.00047026,0.00047401,194463.56156453
335,2018-05-03 23:00:00,0.000473,0.00047434,0.00046644,0.00046644,138687.7913254
336,2018-05-04 00:00:00,0.00047162,0.00047974,0.00047162,0.00047787,45498.79312372
337,2018-05-04 01:00:00,0.00047776,0.00047776,0.0004675,0.00046932,16287.72276702
338,2018-05-04 02:00:00,0.00046808,0.00047178,0.000466,0.000466,34148.51594246
339,2018-05-04 03:00:00,0.000466,0.000468,0.0004635,0.00046494,54577.25003557
340,2018-05-04 04:00:00,0.00046494,0.00046725,0.00046489,0.00046725,58314.92469148
341,2018-05-04 05:00:00,0.0004673,0.00047,0.00046532,0.00047,56398.86621108
342,2018-05-04 06:00:00,0.00046853,0.00046968,0.00046387,0.00046635,35704.77603218
343,2018-05-04 07:00:00,0.00046648,0.00046809,0.000461,0.000461,31987.40984532
344,2018-05-04 08:00:00,0.00046027,0.00046118,0.00045101,0.00045117,115387.4770693
345,2018-05-04 09:00:00,0.00045117,0.00045352,0.00045001,0.00045337,126633.85787466
346,2018-05-04 10:00:00,0.00045262,0.00045378,0.0004504,0.00045368,109304.37420564
347,2018-05-04 11:00:00,0.00045378,0.00045613,0.000451,0.000451,75117.21350053
348,2018-05-04 12:00:00,0.000451,0.000451,0.00044876,0.00045,162790.18810384
349,2018-05-04 13:00:00,0.00044875,0.00045,0.00044307,0.00044309,109173.41368504
350,2018-05-04 14:00:00,0.00044309,0.000446,0.00044309,0.00044402,75605.88215176
351,2018-05-04 15:00:00,0.00044401,0.00045501,0.000444,0.0004494,135952.7098587
352,2018-05-04 16:00:00,0.0004494,0.00046188,0.0004494,0.00045498,141492.5886476
353,2018-05-04 17:00:00,0.00045917,0.00046795,0.00045604,0.00046097,73532.80063168
354,2018-05-04 18:00:00,0.00046581,0.000472,0.0004613,0.00047155,62769.22824896
355,2018-05-04 19:00:00,0.000471,0.000471,0.00046367,0.00046734,20717.08319886
356,2018-05-04 20:00:00,0.00046367,0.00046367,0.0004567,0.00045942,66203.59123775
357,2018-05-04 21:00:00,0.00045927,0.00045931,0.00045262,0.00045866,150982.33553653
358,2018-05-04 22:00:00,0.00045439,0.00046108,0.00045398,0.000457,30508.54935184
359,2018-05-04 23:00:00,0.00045501,0.00045874,0.000454,0.00045468,130610.39642178
360,2018-05-05 00:00:00,0.00045468,0.0004565,0.000452,0.0004534,38181.70133136
361,2018-05-05 01:00:00,0.00045347,0.00045836,0.00044601,0.00045831,287672.10489752
362,2018-05-05 02:00:00,0.00045837,0.00046299,0.00045101,0.0004571,234395.29541382
363,2018-05-05 03:00:00,0.00045482,0.00045661,0.00045173,0.00045432,37986.97127477
364,2018-05-05 04:00:00,0.00045433,0.00045591,0.00045001,0.00045396,292726.31571661
365,2018-05-05 05:00:00,0.000453,0.000453,0.00045049,0.00045159,61043.21251449
366,2018-05-05 06:00:00,0.0004507,0.00045389,0.00045055,0.00045385,109496.27156149
367,2018-05-05 07:00:00,0.00045383,0.00045384,0.00045055,0.000452,42483.03679624
368,2018-05-05 08:00:00,0.00045062,0.00045063,0.00044604,0.00044604,89773.43155088
369,2018-05-05 09:00:00,0.00044911,0.00044911,0.000445,0.000446,8325.65023181
370,2018-05-05 10:00:00,0.00045027,0.00045027,0.00044245,0.00044341,105125.38838702
371,2018-05-05 11:00:00,0.00044459,0.00045,0.00044301,0.00045,158916.11720565
372,2018-05-05 12:00:00,0.00044999,0.00044999,0.00044245,0.00044467,142192.22475615
373,2018-05-05 13:00:00,0.00044467,0.00044477,0.000438,0.00044476,309416.29316407
374,2018-05-05 14:00:00,0.00044476,0.00044477,0.0004383,0.000439,63144.76769325
375,2018-05-05 15:00:00,0.00044198,0.00045389,0.00044198,0.00045373,1116723.3311352
376,2018-05-05 16:00:00,0.00045373,0.00045373,0.00044755,0.00045,211923.5788419
377,2018-05-05 17:00:00,0.00044755,0.0004523,0.00044461,0.0004523,86073.69358057
378,2018-05-05 18:00:00,0.00044943,0.000451,0.00044943,0.00045095,10833.92593663
379,2018-05-05 19:00:00,0.00044987,0.00045099,0.00044875,0.00044875,10189.78726676
380,2018-05-05 20:00:00,0.00044875,0.000452,0.00044875,0.0004518,43565.82823799
381,2018-05-05 21:00:00,0.0004518,0.00045329,0.00044938,0.00045329,70621.34224062
382,2018-05-05 22:00:00,0.00044942,0.00045079,0.00044144,0.00044971,52246.8133406
383,2018-05-05 23:00:00,0.00044979,0.000451,0.00044302,0.00044397,107850.53035767
384,2018-05-06 00:00:00,0.0004445,0.0004445,0.000438,0.000438,82977.00605045
385,2018-05-06 01:00:00,0.00043776,0.00043776,0.00043077,0.00043077,202333.01765571
386,2018-05-06 02:00:00,0.00043077,0.00043431,0.000428,0.00043234,400177.56146155
387,2018-05-06 03:00:00,0.00043234,0.00043234,0.000428,0.000431,189526.41562916
388,2018-05-06 04:00:00,0.000431,0.00043543,0.000431,0.00043448,30248.55740042
389,2018-05-06 05:00:00,0.00043543,0.00043543,0.00042802,0.00043313,55277.65079729
390,2018-05-06 06:00:00,0.00043449,0.00044007,0.00043449,0.0004358,217794.55149106
391,2018-05-06 07:00:00,0.00043588,0.00043601,0.0004355,0.000436,30625.87133732
392,2018-05-06 08:00:00,0.00043818,0.00043818,0.000434,0.00043451,32522.32430715
393,2018-05-06 09:00:00,0.0004374,0.00043977,0.00043575,0.00043575,7181.88579551
394,2018-05-06 10:00:00,0.00043579,0.00043855,0.00043575,0.00043855,11904.22996263
395,2018-05-06 11:00:00,0.00043989,0.00043998,0.00043682,0.00043725,18377.57701086
396,2018-05-06 12:00:00,0.00043998,0.000445,0.00043998,0.00044296,26568.35603748
397,2018-05-06 13:00:00,0.00044296,0.000443,0.00043641,0.000441,238611.10011712
398,2018-05-06 14:00:00,0.00044212,0.00044506,0.00044103,0.00044112,41546.24156242
399,2018-05-06 15:00:00,0.00044112,0.00044451,0.00044107,0.00044107,20068.60389702
400,2018-05-06 16:00:00,0.00043978,0.00043978,0.00043681,0.00043889,6169.09697901
401,2018-05-06 17:00:00,0.00043889,0.00044027,0.00043677,0.00044027,21002.1011451
402,2018-05-06 18:00:00,0.00044027,0.00044027,0.00043686,0.00044023,25005.42443285
403,2018-05-06 19:00:00,0.00044023,0.00044023,0.00043677,0.00043677,9848.62903986
404,2018-05-06 20:00:00,0.000439,0.00044105,0.00043745,0.00043778,21370.13974631
405,2018-05-06 21:00:00,0.00044,0.0004411,0.00043995,0.00043995,2188.8980602
406,2018-05-06 22:00:00,0.00043789,0.00043789,0.00043677,0.00043677,730.03107631
407,2018-05-06 23:00:00,0.00043633,0.00043789,0.0004347,0.0004347,44292.45722242
408,2018-05-07 00:00:00,0.0004347,0.00043742,0.000432,0.00043202,372563.35627267
409,2018-05-07 01:00:00,0.000432,0.0004337,0.00042413,0.00042413,466559.3233478
410,2018-05-07 02:00:00,0.000428,0.00043065,0.0004231,0.00042973,168385.04825141
411,2018-05-07 03:00:00,0.00042975,0.000432,0.00042658,0.00042674,9524.07770859
412,2018-05-07 04:00:00,0.00042712,0.00043279,0.00042712,0.00043269,14166.1188309
413,2018-05-07 05:00:00,0.00043269,0.000433,0.00042792,0.00043005,48447.32518357
414,2018-05-07 06:00:00,0.0004325,0.00043428,0.00043249,0.00043428,23881.97325234
415,2018-05-07 07:00:00,0.00043368,0.000439,0.00043338,0.00043857,192436.62768489
416,2018-05-07 08:00:00,0.000439,0.00044676,0.00043481,0.00044676,172834.73282719
417,2018-05-07 09:00:00,0.0004465,0.00046199,0.00044456,0.00045461,359481.20955038
418,2018-05-07 10:00:00,0.00046183,0.00046188,0.00044486,0.00044667,91621.51324683
419,2018-05-07 11:00:00,0.00044667,0.00044953,0.000442,0.000443,71560.32405623
420,2018-05-07 12:00:00,0.000443,0.00044801,0.00044188,0.00044699,173141.88830634
421,2018-05-07 13:00:00,0.00044699,0.00045388,0.00044642,0.00045303,70966.53622681
422,2018-05-07 14:00:00,0.00045284,0.00045431,0.00044502,0.00044995,40339.9525612
423,2018-05-07 15:00:00,0.00044593,0.000449,0.00044325,0.0004467,48256.49514764
424,2018-05-07 16:00:00,0.0004457,0.00044924,0.0004444,0.00044886,111771.80696512
425,2018-05-07 17:00:00,0.00044855,0.00044855,0.000441,0.00044575,88256.89367421
426,2018-05-07 18:00:00,0.000445,0.00044747,0.00044201,0.00044307,294140.72195149
427,2018-05-07 19:00:00,0.00044748,0.00044899,0.000442,0.00044496,35416.90138225
428,2018-05-07 20:00:00,0.00044305,0.00044499,0.00044,0.00044,32925.38982351
429,2018-05-07 21:00:00,0.00044004,0.00044359,0.000438,0.00044358,21613.00925705
430,2018-05-07 22:00:00,0.00044358,0.00044663,0.00043901,0.00044101,23814.63113888
431,2018-05-07 23:00:00,0.00044101,0.00044457,0.000439,0.000439,64122.79023429
432,2018-05-08 00:00:00,0.00044217,0.00044219,0.00043703,0.0004385,8593.11357329
433,2018-05-08 01:00:00,0.00043816,0.00044631,0.0004378,0.00044308,165768.33235777
434,2018-05-08 02:00:00,0.0004462,0.00044629,0.00044225,0.00044601,87260.43136632
435,2018-05-08 03:00:00,0.00044287,0.00044629,0.00044286,0.00044288,50573.73293243
436,2018-05-08 04:00:00,0.00044288,0.00044449,0.00044288,0.00044288,13849.50950379
437,2018-05-08 05:00:00,0.00044288,0.000445,0.00044227,0.0004445,71358.09401329
438,2018-05-08 06:00:00,0.00044452,0.00044476,0.00044,0.00044215,28310.54238644
439,2018-05-08 07:00:00,0.00043984,0.00044248,0.0004381,0.00043935,17896.3448605
440,2018-05-08 08:00:00,0.00044246,0.00044358,0.00044179,0.00044179,50311.06692759
441,2018-05-08 09:00:00,0.00044171,0.000445,0.0004383,0.0004383,184688.36731001
442,2018-05-08 10:00:00,0.00043975,0.00044387,0.0004384,0.00044268,14616.62098429
443,2018-05-08 11:00:00,0.00043902,0.00044115,0.00043747,0.00044112,47309.53546284
444,2018-05-08 12:00:00,0.00044112,0.00044273,0.00043101,0.000433,141887.21274867
445,2018-05-08 13:00:00,0.00043517,0.00043664,0.000433,0.00043664,70970.86309033
446,2018-05-08 14:00:00,0.00043664,0.00043942,0.000435,0.00043504,70287.27757947
447,2018-05-08 15:00:00,0.00043538,0.00044274,0.00043538,0.00044274,56016.05556347
448,2018-05-08 16:00:00,0.00044294,0.000443,0.00043949,0.00043949,24881.01024844
449,2018-05-08 17:00:00,0.00043945,0.00043945,0.00043531,0.00043555,21535.19032582
450,2018-05-08 18:00:00,0.00043571,0.00043895,0.00043555,0.00043555,107662.76285439
451,2018-05-08 19:00:00,0.00043555,0.00043739,0.00043364,0.00043556,8292.74705995
452,2018-05-08 20:00:00,0.00043556,0.00043807,0.0004336,0.0004351,9685.31917968
453,2018-05-08 21:00:00,0.000433,0.00043722,0.000433,0.00043722,17642.01978942
454,2018-05-08 22:00:00,0.00043495,0.00043495,0.000431,0.000431,115738.44078256
455,2018-05-08 23:00:00,0.00043167,0.000432,0.00043,0.000432,41197.57500208
456,2018-05-09 00:00:00,0.00043,0.00043195,0.00042801,0.00042801,19077.03369321
457,2018-05-09 01:00:00,0.00042801,0.00043024,0.00042801,0.00042809,51865.37826328
458,2018-05-09 02:00:00,0.00042809,0.00042889,0.00042191,0.00042191,167680.865618
459,2018-05-09 03:00:00,0.0004235,0.00042466,0.00041858,0.00041863,368766.33281856
460,2018-05-09 04:00:00,0.00041924,0.000423,0.00041003,0.000423,1985250.44324703
461,2018-05-09 05:00:00,0.00042229,0.00042399,0.0004185,0.00042227,394609.87139151
462,2018-05-09 06:00:00,0.0004223,0.000425,0.00042179,0.00042464,43017.50935268
463,2018-05-09 07:00:00,0.00042246,0.000425,0.00042201,0.00042351,403994.37726849
464,2018-05-09 08:00:00,0.00042313,0.000426,0.000422,0.00042385,71733.13730885
465,2018-05-09 09:00:00,0.000426,0.00042651,0.00042135,0.0004217,173123.972723
466,2018-05-09 10:00:00,0.00042135,0.0004276,0.00042135,0.00042567,72413.75648804
467,2018-05-09 11:00:00,0.00042789,0.00042854,0.00042363,0.00042543,25461.75131763
468,2018-05-09 12:00:00,0.00042278,0.00042838,0.00042249,0.00042838,54660.00843003
469,2018-05-09 13:00:00,0.00042833,0.00042833,0.0004245,0.0004245,24682.99200946
470,2018-05-09 14:00:00,0.0004245,0.00042504,0.00042294,0.00042504,20670.06439492
471,2018-05-09 15:00:00,0.000427,0.00042828,0.00042492,0.00042504,29594.39922189
472,2018-05-09 16:00:00,0.00042504,0.0004275,0.000424,0.00042505,81756.47434164
473,2018-05-09 17:00:00,0.00042748,0.00042748,0.00042411,0.00042646,85438.5324278
474,2018-05-09 18:00:00,0.00042463,0.00042463,0.0004241,0.00042415,53033.94065124
475,2018-05-09 19:00:00,0.00042401,0.00042544,0.00042401,0.00042525,37626.8889509
476,2018-05-09 20:00:00,0.000424,0.0004275,0.000423,0.0004275,16130.67727082
477,2018-05-09 21:00:00,0.0004275,0.00042798,0.00042354,0.00042354,19374.68004434
478,2018-05-09 22:00:00,0.00042681,0.00042681,0.0004225,0.0004266,10554.38396255
479,2018-05-09 23:00:00,0.0004266,0.00042685,0.00042309,0.0004231,50080.61528475
